,RV
0,1.0436264402685351
1,1.4152008378592356
2,0.9329391207485196
3,0.9945194693455133
4,1.24785594489205
5,0.8264104275255452
6,1.1584118334628835
7,1.1727225811718103
8,1.2063255835001807
9,0.9083262976936826
10,1.036832179907058
11,0.7347743993237384
12,1.3073405274575962
13,1.040968529294394
14,1.1837262672395485
15,0.522675614706339
16,1.0547776437331584
17,0.910276354203756
18,0.6203996049183796
19,1.304657193537685
20,0.8929981422117298
21,1.0294964189519293
22,0.9019117424316456
23,1.1680953018554132
24,1.0908782075396788
25,0.6925170292978897
26,1.077836909811802
27,1.764045715414263
28,1.1202364002349725
29,0.7818318116553665
30,0.975071038726878
31,0.926420027478878
32,0.9631556260141034
33,0.8800256155577998
34,0.7837970330769889
35,0.9636760585261583
36,0.638412803740555
37,0.975835077237706
38,0.8939100521362868
39,1.141013209883186
40,1.1259331698001345
41,1.3564227830284845
42,1.0318633995626603
43,0.9190797937539676
44,0.7724612794029413
45,1.0330685621719669
46,0.8210297444185363
47,0.7727244967873494
48,0.8217160140806566
49,1.2543845542915362
50,1.1516542481737908
51,1.1989671782204958
52,1.339530464676812
53,1.0996014109613295
54,0.687473445642966
55,1.0841973274282715
56,0.7989906040460247
57,1.375117532402318
58,0.9642663871860042
59,1.101014683193653
60,1.0104970567649536
61,0.9841793391979662
62,1.3354985244282613
63,1.2548897387694062
64,1.1674207288616223
65,1.1871081681204743
66,1.3004430467618624
67,1.0871327160331379
68,0.8723816244258285
69,0.9794253496030318
70,0.925118405636001
71,1.0364316683238066
72,1.0436486486892251
73,0.6521102066725747
74,1.2562103191164935
75,1.1654479191774587
76,0.9782315664958674
77,1.3942044208426347
78,1.6344364758468495
79,0.6083363606743669
80,1.027127127961297
81,0.869860284874166
82,0.989000754409617
83,0.986516017547962
84,1.1512032220532027
85,1.2261142996109666
86,1.1058393107419584
87,1.0744757395954478
88,0.7656867949054544
89,0.6734785993949632
90,1.1381255052105037
91,1.068798444347086
92,1.2341172853389368
93,0.7958182949530277
94,0.7516908663369879
95,0.9427183303245218
96,0.5393719117816538
97,1.0954611647809496
98,1.2346914041672408
99,1.1816157002014238
100,1.1498038839296212
101,0.8469090004595337
102,0.8731158941330177
103,1.3073665075395902
104,1.4010005887364603
105,0.9678029457342588
106,1.1269320804242944
107,0.465354895620936
108,0.7104223950461638
109,0.3974001617070546
110,0.7104794052470013
111,0.6081720718843519
112,1.469255365540083
113,0.7912427808317665
114,0.690544234606005
115,0.8714312456666042
116,1.3150710851594616
117,1.1614384264523057
118,0.8406577345027666
119,1.3300960681160028
120,0.9550099200069007
121,0.9355207135302284
122,0.8736835873032638
123,0.9107685690159366
124,0.812936038540831
125,0.6049260792882848
126,0.6609760386237806
127,1.220716861346341
128,1.0597366047077956
129,1.325355216457489
130,1.103576279947196
131,0.9448820437718332
132,0.6694401383935084
133,1.1031230136591308
134,1.142749879880169
135,1.2898192472799495
136,0.8838570682243576
137,0.6871017569463425
138,0.7834601909794904
139,0.8394844732716089
140,1.1478042368266925
141,0.9625219481858112
142,0.5419952796162638
143,1.4073761640320526
144,0.7833128296939095
145,0.7305905365488441
146,0.8669917520531771
147,0.9980828603589901
148,1.1038151323067193
149,1.0158633240335344
150,0.49859988570847286
151,0.9997705769531575
152,0.6273397503138848
153,0.8857521850744495
154,1.0595390559251414
155,1.2465856333364664
156,0.6346635576375301
157,0.5902858100197564
158,1.0074119247141702
159,0.32574941564534116
160,1.074111896691498
161,1.0665406849940295
162,1.0875185462152885
163,1.2917423821273528
164,1.1574092484064658
165,0.8252854493100573
166,1.421318490223668
167,0.7817567917003104
168,0.575197878723737
169,1.089062558150424
170,1.0425666460257546
171,0.7769551605108564
172,1.207642655855015
173,1.3738061205771945
174,0.9410618576406189
175,0.9103846825258045
176,0.6855324519834968
177,0.9846209302275213
178,1.2262449217240798
179,1.2965284493962483
180,0.708924559481962
181,1.075983336559041
182,1.1913788629867619
183,1.2151945108159043
184,1.1538113312737694
185,1.3951582640629987
186,0.7838044407952556
187,1.3225377763676507
188,0.46272635375239124
189,0.8772025187176286
190,0.6167348047886008
191,1.19414977144835
192,1.0607506830903166
193,0.7804209276125438
194,1.2944546854719352
195,1.0169317183483388
196,1.4151160786067152
197,1.2664103515159975
198,1.4415594147881046
199,0.754200253806111
200,0.5576360493560737
201,0.35794840077638335
202,1.0974411007874159
203,0.9449550368525022
204,0.8181107494759535
205,1.1158335465877438
206,0.8478720061649541
207,0.8889328981699176
208,1.034837256546511
209,0.8678012706225631
210,1.0879736995881342
211,1.2699764023345073
212,0.805218861546014
213,1.4076467900895044
214,0.7145812694509832
215,1.1013353843347868
216,1.100957790110178
217,0.5543380331044178
218,0.48348474326118196
219,1.1098906904129202
220,0.7782845423649184
221,1.079112902073809
222,1.1933691568201092
223,0.9806939009428552
224,0.6070060257982564
225,1.2837177131271662
226,0.8181266943411333
227,0.6093118421989108
228,0.5366277579033315
229,0.720810110869923
230,0.5321926512837741
231,1.5728263103471083
232,1.2895571576524556
233,1.346738274475554
234,0.7276351912155999
235,1.141175916011711
236,1.1321379835605774
237,0.5736025461272545
238,1.437082069604216
239,0.4243704703146168
240,0.8180928004303858
241,1.1932857023916836
242,0.999516805130547
243,0.9240611480567634
244,1.6838902451800366
245,1.1158329655075663
246,0.8474574039324292
247,0.7452926612798884
248,1.2638743612825123
249,0.9488168294812362
250,1.120255088414157
251,1.3071793009305412
252,1.101639666315081
253,1.353538637371792
254,0.6773095772676229
255,0.9312019526063448
256,0.9740874586434425
257,0.9555295107935088
258,1.1623575184932768
259,1.061462214334134
260,1.2285382313156923
261,0.373422332534877
262,1.0621745842700288
263,0.6145248761611833
264,0.8583702634892373
265,0.9831855221280008
266,1.23079571576277
267,1.2321253513948391
268,0.7225213709432539
269,1.072583870414721
270,0.7705293943073891
271,0.718841461768505
272,0.8817015292472558
273,1.0685135195484268
274,1.161060185256473
275,1.2578911736216347
276,0.784499860555697
277,0.6125208875437305
278,1.056603330132063
279,1.002220939085638
280,0.8638094115798677
281,0.8695070801193576
282,0.6717265601802132
283,0.582425214338805
284,1.1200670629273548
285,0.7148459845690913
286,0.8391981970649005
287,1.1050386537968815
288,1.3050109991061296
289,0.920240538662942
290,1.3481159151779871
291,0.9786332828055424
292,0.5280279219624003
293,0.9701779608792261
294,0.881206174041167
295,1.3049566709763307
296,0.8038466681179406
297,0.9198288621277695
298,0.8075659641724803
299,1.2740656717525052
300,1.0549458431725938
301,0.7319106197945455
302,1.3089332872730155
303,0.6722598688132966
304,1.1568232769509006
305,0.7345246849784384
306,1.2762975059159056
307,1.1770814481974803
308,0.7474573503560469
309,1.3933122529207462
310,0.9583113307763119
311,0.8799034943365105
312,1.1446848791335444
313,0.7414325872993313
314,0.9648613056608751
315,0.734379614129311
316,0.9268578587917315
317,1.0873358098596957
318,1.3431329199506608
319,1.491984452759358
320,1.1937846268332357
321,0.6386567133213732
322,0.8693734839357945
323,1.0567188067212518
324,1.2260992638383976
325,0.9225401822894821
326,1.3328196683215474
327,1.1994334418795214
328,1.067077647667986
329,1.4031300300559313
330,0.8111166064489354
331,1.0803066611500345
332,0.9317713716078942
333,1.0979880409588678
334,0.5618726109013524
335,1.477020029239549
336,1.2064448604566511
337,1.0370957599116355
338,1.1624459491396841
339,1.2270048147349741
340,0.952466813216989
341,1.0213399359089883
342,1.2282282147282697
343,0.9930882181482719
344,1.308943450346745
345,0.7602993361438098
346,0.28264081158966947
347,1.0012057334749374
348,0.9106899185996962
349,0.8793637441791002
350,1.0412806086724833
351,1.1336579040100494
352,0.8001474773474426
353,0.9734716979377478
354,1.1755734591376104
355,0.6364130953682626
356,0.22470615537177807
357,0.60261570503908
358,0.998348001598098
359,0.7764808541328793
360,1.3081584245895104
361,1.3316635892006867
362,0.7119528166156498
363,1.5326751645197314
364,0.8331837926103588
365,0.221647689235591
366,1.1503156115241615
367,0.7057299376361184
368,1.214195255766628
369,1.065940686629265
370,1.117486299346177
371,0.6513405562307558
372,0.8411381651423022
373,0.6301723064839997
374,0.848261808611551
375,0.6374484199839199
376,1.2752656285692683
377,1.298690066312589
378,0.9671239844105656
379,0.7739130754478282
380,1.094316427496224
381,1.3152902419850654
382,0.9558432246333146
383,1.1557834123393351
384,0.5468540696043226
385,1.3223231261494939
386,1.144071919797205
387,1.1515649585063215
388,1.0544522379144046
389,1.259088986817142
390,1.0638963160943014
391,0.9415596224538069
392,0.7873874536847976
393,0.9074376991476297
394,1.0447012308107562
395,1.383078479432611
396,0.7082360492630961
397,1.1264369376898864
398,0.8198255022109663
399,0.8366415856526618
400,0.6280794341426453
401,0.796436378210265
402,1.4043401641292959
403,0.6772991645956142
404,0.840263140727023
405,1.390892415465223
406,0.7874890486220021
407,0.9648527586562539
408,0.7349683958657661
409,0.7142272096742979
410,1.3849469778516348
411,0.5436112116710107
412,1.2340537943633432
413,1.4179775133692898
414,0.8111607468040284
415,1.2217777001570629
416,1.2312369672292007
417,0.9874459830492952
418,1.3159333252761778
419,1.2332560184011885
420,0.7636656750026247
421,0.6526664229103882
422,1.5340468932433318
423,0.5173327108074113
424,0.9859417287780937
425,0.9397423116694094
426,0.945727472362368
427,0.6677089707072845
428,0.8725820753739447
429,1.3994170305689677
430,1.2169167510304173
431,0.8860774679454699
432,1.116407945199778
433,1.2575019900143758
434,0.690465464381234
435,0.8912574293470943
436,0.6480462630718509
437,0.7802814967304729
438,0.8412551626584158
439,0.8384380091966224
440,0.6624770617222359
441,1.0920837594988275
442,1.0797873679329508
443,1.2974909625803461
444,0.9716745879912254
445,1.1260778389429955
446,1.2695580481582975
447,0.4447531911735375
448,1.1914234676972608
449,0.7964433211474844
450,1.0887396399043243
451,0.8899355577878475
452,0.742680538154258
453,1.1211526068520523
454,1.1682842040313792
455,0.996281291475248
456,1.2798532506694749
457,1.0019345679149443
458,0.687694476400112
459,0.8916817619486064
460,1.28935130452513
461,1.1523853296828095
462,0.924261387950745
463,0.8907038797510964
464,1.0225855261646353
465,0.8180235214932339
466,0.649567332688185
467,0.4915115973172677
468,1.1950381600509117
469,0.7615815441776191
470,1.332510695340533
471,0.8446980574725085
472,0.9636831814893426
473,1.33233295538034
474,0.7045109062383541
475,1.6644237298393427
476,1.0661194050681984
477,0.8057493227395671
478,1.2176076778396652
479,0.861183461152128
480,0.8561050855137319
481,0.9157965819841936
482,1.4133361952749155
483,0.7565009359935664
484,1.3738176920663843
485,1.0490294407392913
486,0.7316765066845207
487,1.0838644358485299
488,1.1173335125926762
489,0.8541025221273407
490,0.8307785404797516
491,0.6832250241814273
492,1.0743779446587929
493,0.6495012473630134
494,1.1270213896218415
495,0.723682278895018
496,1.047527495719045
497,1.0146512112989061
498,0.7667354168655305
499,1.1241787100721232
500,0.9070728798432689
501,1.0937861308073291
502,1.234972211328349
503,1.1217655655181722
504,1.6548090603648036
505,0.8311614731243728
506,1.2656644400148345
507,0.4612831319194639
508,1.1409335863008867
509,0.7888565604657926
510,1.1850288033601581
511,1.1060930759082714
512,1.3082401886505315
513,0.7425865569418438
514,0.735791610255184
515,1.3472975149845254
516,1.108949602453832
517,1.2794700026776165
518,1.1098264717338246
519,1.0132023235984826
520,0.9230528616808479
521,0.6624323301764475
522,1.3892489643884545
523,1.6403282954559024
524,0.7591083719774018
525,0.8840741219031109
526,1.1794583916826078
527,0.8061976787386141
528,0.44319208809360805
529,1.3834751537522125
530,0.6304622991995736
531,1.2620308571695327
532,0.8264109512747805
533,0.6223646160364297
534,0.9044778724078617
535,0.6878007323710138
536,0.7979533756864791
537,1.3638750566588043
538,1.1503685550337834
539,0.827233002466443
540,0.8076628067854921
541,0.7450540953089467
542,0.44889548949480373
543,0.4779141828164765
544,0.9358668648026702
545,0.7751417635940508
546,0.7407575997940177
547,1.3483033060145297
548,1.1976636883776692
549,0.613492167011648
550,1.3030798718375176
551,1.1703154965000064
552,0.6383393065230695
553,1.2974799839096471
554,0.6227979912199919
555,1.1281613504830272
556,0.7089359026823923
557,1.388373601750512
558,0.8120564085214265
559,0.9923108338465166
560,0.8386221509445121
561,1.7128504638825301
562,1.5643586343331999
563,0.9154616710489306
564,1.1401002449044981
565,1.099552363415602
566,0.9814104587350065
567,0.6023664897262526
568,1.5550772839374623
569,0.6625035711719666
570,0.8202497377793236
571,1.1693598228909847
572,0.9695883499741068
573,1.2379728529997973
574,0.9257054872187858
575,0.7993273692231174
576,0.670512380252428
577,0.7791277579995152
578,0.8741332032536322
579,0.6884894570512308
580,1.6767883924241065
581,1.1856862412837452
582,0.6591420411020532
583,1.1827344253777814
584,1.1371751236312007
585,0.7041807915579098
586,0.954596366303371
587,1.313636463161046
588,0.8558739035958396
589,0.8274305123038148
590,0.8596969214027954
591,0.7912919151039067
592,1.152824602140369
593,1.1846134172049052
594,1.0390472145614924
595,0.7825230976823226
596,0.9296686494566954
597,0.471973945777819
598,1.3033297584439612
599,0.6067582049383156
600,1.1612894049210427
601,0.39145255253127653
602,0.886607584419247
603,0.6708780656986428
604,0.1984503992218526
605,0.8935270791690155
606,1.2117673158979307
607,0.8646186215722698
608,0.21636432620137966
609,0.9039681830910997
610,0.8397591282039841
611,1.1097279471228796
612,0.6270318033952867
613,1.1717330501200098
614,0.5359919783926306
615,1.1047813975339495
616,0.9118650000361819
617,0.8253307809758235
618,1.340387276038537
619,0.5891041440213513
620,0.6212112721583477
621,0.9750382648651058
622,0.8552177121894544
623,0.8022169242320878
624,0.9891342080515999
625,0.6366929016914776
626,1.1405007904026119
627,1.1481843082589591
628,1.3382608801463904
629,0.7883115459012012
630,0.8937207593494667
631,0.9904557872379071
632,1.1191181002921706
633,1.0143024191165524
634,1.033733424595309
635,1.0784375149972636
636,0.8910483396943201
637,1.0131359784913423
638,1.2480178493322822
639,0.5431508169517217
640,0.9624794753662235
641,0.7494370917739326
642,0.7733938844621457
643,1.1396229735267982
644,0.9502457811714831
645,0.5720573103322897
646,0.7475509977792233
647,0.7507500155898112
648,1.3377037565894325
649,1.2611578710723363
650,1.3801356557751479
651,1.327431280927809
652,1.0426490233745336
653,1.2195982297067336
654,1.1803575046454242
655,0.9938659746621502
656,0.9710341507308832
657,0.9698818460778815
658,0.7431208235714029
659,0.5287641758039741
660,1.0248572222672712
661,1.0684813155281192
662,0.8863828387678016
663,0.9685968004553595
664,1.5329560923991734
665,1.1251971423708498
666,0.8227855175948646
667,0.4700027972152101
668,1.7033378579549765
669,0.8581148571656974
670,1.1798652382893244
671,1.001438950406067
672,1.095467047363605
673,0.7738950975118875
674,1.189005490709681
675,1.588014612029208
676,0.8286726962247588
677,0.9967874466587796
678,1.1626982434247872
679,0.8803980494509471
680,0.8590179204094375
681,1.027922767153807
682,0.792894018275402
683,0.8365133402988456
684,1.0962029611797077
685,0.3780218382404553
686,1.1745717717024908
687,1.3839884619036305
688,0.7246855084745267
689,0.9076121037136791
690,0.6773957036011419
691,1.12861037704225
692,1.2439672489649962
693,1.174687433106539
694,0.7326963288422591
695,1.1732178591242952
696,0.8294179890900228
697,1.032870935843793
698,1.0137394072985388
699,1.0415141951456819
700,0.6336138500417097
701,1.242763357829961
702,1.571878201248237
703,1.0234044995481228
704,0.6588177567325738
705,0.8618366374929909
706,0.773667753418195
707,1.326103102616905
708,0.6334218056084251
709,0.6830288896195336
710,1.0001487060471559
711,1.7705204978257916
712,0.7855467803783346
713,1.2318089029147212
714,0.909488176356266
715,1.2242497613803456
716,0.6941943714420747
717,1.184608869000991
718,1.3379252852767263
719,0.759031908615779
720,1.1211582722917333
721,1.0095063805424205
722,1.2875580729637166
723,0.8740451500068513
724,1.1173225172591743
725,1.1969821834204077
726,1.1215819246744474
727,1.1396125000854114
728,0.8108310338613578
729,1.3585132538455391
730,0.9159811042905052
731,1.1597117939330641
732,1.166135095389872
733,1.2110847947568137
734,1.0241730797986903
735,0.5348936443728317
736,0.660436737158735
737,0.43457409357843396
738,1.2962860360108306
739,0.9673570833289148
740,0.9710808192170828
741,1.0360858335921939
742,1.072620343281378
743,1.3116218153139663
744,0.8203496179969887
745,1.0365659071914028
746,1.1265987302647968
747,1.1598702387959041
748,0.5475556590461249
749,0.42265944178974507
750,0.9340086005252562
751,0.9948278376881551
752,0.9258727400568185
753,1.310362532513999
754,1.3628471887259728
755,1.4013647398782065
756,0.9394597620364502
757,0.9126552846246742
758,0.8736356118363848
759,1.2252730523825104
760,0.6749239973613167
761,0.8233116740551591
762,0.777004627872492
763,1.2297652729330777
764,0.9834397373899529
765,0.7675530362988762
766,1.2943205471356944
767,0.9487615916297456
768,1.23121269228535
769,0.8477978231111648
770,0.6343448592428791
771,0.5804423323107435
772,0.9932022882463929
773,0.8530852902312426
774,0.8997732015540013
775,1.309894191591347
776,0.8501565522439932
777,1.1388748359116332
778,0.5580410181251618
779,1.2802267126489906
780,1.006950928523739
781,0.7907110952948038
782,0.8578100554385802
783,0.7969650470616595
784,1.3150602283690738
785,0.5045057807458253
786,0.8377043830227837
787,0.8376007853438182
788,0.7930916108220757
789,1.0365914578611077
790,1.3817847148737437
791,1.258428366808844
792,0.6258704252290559
793,0.8313448100911423
794,0.7660499980026831
795,0.801078747258155
796,1.5869704558221736
797,0.8957113169860829
798,1.3463406940700524
799,0.6916630236284699
800,1.7086952958194686
801,1.4002708524740375
802,0.9751792326508856
803,0.7602647535391847
804,1.0328305081809508
805,1.125357237090478
806,0.8829821389413702
807,0.9901801722838397
808,0.6458957454717817
809,1.1962419329293943
810,1.186069692116459
811,0.7835541965019327
812,0.9584171801795738
813,0.5877593869452983
814,1.1423056042375574
815,0.9356982546758421
816,0.9723931033323682
817,0.8828276803224969
818,1.0892607364753584
819,0.9102053892139788
820,0.8536004076353849
821,0.9221877117134705
822,1.2095352359640505
823,0.9361866781249673
824,1.0038435801588104
825,1.2507903430739973
826,0.8348017347446294
827,1.0432306918552565
828,1.2500664479571872
829,1.5769759929809621
830,0.4907825234271792
831,0.9650196341274807
832,0.9365834240933674
833,0.8793924247066888
834,1.4641444063510094
835,0.9159908563308505
836,0.9690603973026716
837,0.9586175969938805
838,1.0779403336912305
839,0.7274884789206714
840,1.0329645805706522
841,1.2608030687820404
842,1.0133930682067116
843,1.1816775452747899
844,0.8722455863020074
845,0.6809566886216892
846,0.7286358653026987
847,0.46495842745305793
848,1.0054740397471522
849,1.426216972681022
850,0.6240915559097968
851,0.8717285810238842
852,1.2397865806326966
853,0.924338980592239
854,0.9618056208850508
855,1.508375363108211
856,1.361590713576913
857,0.4477117503280329
858,1.021067244485414
859,1.060722539468173
860,0.6380726772150372
861,1.3029472579960888
862,0.45939531850896786
863,0.8704348577607974
864,1.055982698955401
865,0.8726831965391049
866,1.0305496798083504
867,0.9702722163050189
868,1.5705467536304332
869,0.8162643135250349
870,1.2029927339909332
871,0.9216493389263499
872,0.9705222392019699
873,1.0365666928062107
874,0.5885357944578592
875,1.0195914349380713
876,0.9187863467788089
877,1.2777351786555131
878,0.6642973326526658
879,0.8123768166123875
880,1.1783491441208251
881,1.2569225197667662
882,1.5276530259959187
883,1.173546671493312
884,0.6103112257219953
885,1.0527389275749348
886,0.8475773269337097
887,0.643805954904735
888,1.052478769355764
889,1.2283576670795413
890,1.1883868026319475
891,0.9731770893917413
892,1.9352628440691035
893,0.8166411755005346
894,0.9550046508324751
895,0.4543447841686389
896,1.061843401745454
897,1.5926439038128306
898,1.0045890288667383
899,1.078325435108303
900,0.5977483935658771
901,1.1802884299422773
902,0.8343332072689091
903,0.8209184116671967
904,0.520038457514371
905,1.1319621497391565
906,0.815336889834394
907,0.9098243984277381
908,1.3589730953934651
909,1.1642346841623354
910,1.2077793001158639
911,1.041224119994824
912,1.1492489076820203
913,1.2907919180831209
914,0.6717512935429044
915,1.082345306204033
916,1.2092597464525132
917,0.7430309173057534
918,1.070294067750525
919,0.9857362729236144
920,0.7075382683297604
921,0.6898894555319918
922,0.7290239811558104
923,1.5930803610376822
924,0.8894024677648811
925,1.3158948834047586
926,0.7346955794368952
927,1.2750086317320743
928,1.050611678267817
929,0.5905466176738223
930,0.6001228199120792
931,0.461377036483978
932,1.3759154320429574
933,1.106798962826528
934,1.2090285369826277
935,1.4017109163047692
936,1.0541879669845113
937,0.9494674947333004
938,1.0055612624274723
939,1.27022284497655
940,1.2046123475505628
941,0.9032974952328581
942,1.0114131807182936
943,0.6469621343396621
944,1.2170232817465725
945,1.212256065594186
946,0.27564132090846316
947,1.0611205747755263
948,0.8902766097540552
949,0.6393952429562388
950,0.831618144367073
951,1.0189859022092227
952,0.7519998672408075
953,0.9897237242934951
954,0.992156631308135
955,1.012792936505725
956,0.6296032245832006
957,1.268665834505009
958,0.8463393165627898
959,1.3871939845407655
960,0.8279784019761295
961,1.415619377252143
962,1.0198571216788268
963,1.072628021964087
964,1.2258451243967392
965,0.9359792035116582
966,1.026714551652947
967,0.9361776592520396
968,1.0160965731074338
969,1.2684167916664408
970,0.9129239126120655
971,0.7042325767502998
972,0.8539413863088867
973,1.3281872438847957
974,1.2168857873905967
975,0.5164956468808835
976,0.46672767886826194
977,1.4901951073963218
978,1.2881969822254025
979,0.9887867199329015
980,0.8116091752568281
981,0.5419340204010306
982,1.1639327925222263
983,1.013759494685242
984,1.0235067780838825
985,1.0554799655987188
986,0.8876965521974444
987,0.6734313539933889
988,0.8360704706588121
989,0.48298531789101457
990,1.0938847273024659
991,0.9142636497179025
992,1.1718159461841828
993,1.6517524193419297
994,1.420484192676645
995,0.8384072993516464
996,1.4848881904361577
997,1.0007665539347526
998,0.518192892482683
999,0.7569982347766052
1000,1.1248337624476898
1001,0.9413180795141312
1002,1.142246419828528
1003,1.2739650747424769
1004,0.7693842567555788
1005,0.8980677383424448
1006,0.8812794439288509
1007,1.1809713433872318
1008,0.851286961393145
1009,1.0919876324780378
1010,1.2781106675296119
1011,0.6664642111154064
1012,0.8584767727081901
1013,0.6606906025929928
1014,1.112097231196407
1015,0.9079758915828332
1016,1.21610741998399
1017,1.544472901485907
1018,0.9426157995668677
1019,0.7435542711373467
1020,0.8620676121508051
1021,0.9851389036620872
1022,0.9591768269776662
1023,1.0998754184602624
1024,1.0526938717820387
1025,1.2775595617381048
1026,1.0777467893861543
1027,0.9196351545271236
1028,1.5307106860985058
1029,1.1719539880074537
1030,1.003411327460272
1031,0.9187890750828979
1032,1.0432018334459368
1033,1.426435268247183
1034,1.255522330660455
1035,0.7610102388003436
1036,0.7138505668233867
1037,0.7676979589864945
1038,0.8420710139416976
1039,1.1427369853931508
1040,1.0579462721168968
1041,0.5010467293718998
1042,0.8570953969028443
1043,1.139036792179805
1044,0.9944334702947297
1045,0.9567195306594355
1046,1.0399813166201417
1047,1.1523362312521102
1048,1.2448579962804656
1049,1.3920955252002067
1050,1.1581662134817932
1051,0.9894856015032769
1052,1.17177850827543
1053,1.0705142374007572
1054,1.284194296671481
1055,1.3155522961651303
1056,0.9291178239990895
1057,1.160047383979539
1058,1.0905330749545927
1059,0.7144956690264099
1060,0.8378859939675286
1061,1.4247302414423737
1062,0.9546348959095553
1063,1.0282741294703341
1064,1.0572560535387676
1065,1.0624665494594374
1066,0.7581519960779656
1067,0.7762635911166105
1068,0.6970995900956948
1069,0.7785379058070117
1070,0.8935719577578263
1071,1.0742303132829194
1072,0.7968683079097182
1073,0.9289653720420725
1074,1.4594891642950316
1075,0.996559260743487
1076,1.4395240002262049
1077,1.0029364259713258
1078,1.5689120639003777
1079,0.9631794387986706
1080,0.6143084439122907
1081,1.0863599407253952
1082,1.1623392999421969
1083,1.4557424368472902
1084,0.9121751682871195
1085,1.0910552008396994
1086,1.0208260903960729
1087,1.127477506509562
1088,1.1135826787162502
1089,1.2020454135241672
1090,1.3138180574956249
1091,0.9130952483506084
1092,0.9665885949704603
1093,1.1514509088205478
1094,1.262634343924243
1095,1.4728933127762953
1096,0.8691625603460457
1097,1.247811606563679
1098,0.48898974328574546
1099,1.0864027692968399
1100,1.3874753088671536
1101,1.218312646835197
1102,0.3416343739871874
1103,0.7567515641816462
1104,1.0782722439023815
1105,1.1463554555612847
1106,1.1830578807518204
1107,0.840286721861971
1108,0.9005535452969085
1109,0.8828526680974396
1110,1.227540138841138
1111,1.3061475710902177
1112,1.1595679977935904
1113,0.9857112929202013
1114,1.2703428795418623
1115,1.106717990074354
1116,1.411308788786281
1117,0.6848605836483689
1118,1.387667587238111
1119,1.0842318758665415
1120,1.1004696943112457
1121,0.9266610363309346
1122,0.9085839231719728
1123,1.2262043201760044
1124,0.8085242549205643
1125,1.4848943634248868
1126,1.132502796142086
1127,1.2650203536859446
1128,0.8134337242150328
1129,1.0726191239854743
1130,0.6353503489983331
1131,0.7337429572702491
1132,1.4974249302098805
1133,1.2145984376482846
1134,1.409212059663818
1135,0.8120967624787859
1136,0.907706821142165
1137,1.274626815115371
1138,1.0290856839043079
1139,0.6208414163578888
1140,1.2851757933695072
1141,1.1248163536136535
1142,1.1625146453913218
1143,1.0347730164956472
1144,0.5566719209526343
1145,1.3723618437028542
1146,0.36029551196005366
1147,0.9353015693659978
1148,0.5257071468120825
1149,0.6181037989761836
1150,0.803517282232318
1151,1.3098971289967776
1152,1.2604820387605549
1153,1.0327029196543218
1154,0.5159484673406937
1155,0.9094162505627058
1156,0.46981547397198004
1157,1.0049406816308901
1158,0.9030720493213468
1159,1.3216892244366691
1160,1.1554947417582915
1161,0.7327390301792743
1162,0.6617992344911471
1163,1.2130139464542806
1164,1.0400282647346772
1165,1.3056927222145343
1166,0.7365803122497098
1167,0.7899583935133412
1168,1.1695766846858087
1169,0.8134441390750305
1170,0.5901796236402392
1171,1.0565985461647098
1172,0.7821856577933982
1173,1.0190824475899016
1174,1.0282297655832318
1175,1.263296935199529
1176,1.4418352639822951
1177,0.9503527915715638
1178,1.6057850105364526
1179,0.9623500640206483
1180,0.7611071966400791
1181,0.972658586300657
1182,0.6475890895740701
1183,0.6090028872031065
1184,0.6442098079886495
1185,0.8773215955649746
1186,1.1523550262662328
1187,1.0590709462558079
1188,1.3078578840157589
1189,0.6877246614831243
1190,1.0608858869770013
1191,1.3097389763416611
1192,1.4084108343081876
1193,0.6163789046175174
1194,1.1083839793241963
1195,0.4439901642740188
1196,0.8420180490316924
1197,1.2864453847340573
1198,1.096127459702941
1199,1.0197339027066086
1200,1.0656014905510205
1201,0.45442262273347206
1202,0.7970175921936619
1203,1.016783430746496
1204,1.1323443509246236
1205,0.2555725034302322
1206,1.1087133332285821
1207,1.3073331287800545
1208,0.9362424044491544
1209,0.6903326793272284
1210,0.6289153707769464
1211,1.0939302110577862
1212,1.4405927036149553
1213,0.8166843816564886
1214,1.176285258558174
1215,0.6220020358346677
1216,1.1378553861008458
1217,1.4814736174479288
1218,1.5043890049646882
1219,0.7321444296214505
1220,1.6252450044991613
1221,0.9900342764635331
1222,1.1224024117882703
1223,0.9140568144856946
1224,0.8908961685364298
1225,0.7738624123623261
1226,0.9472453237502453
1227,1.2153161348180728
1228,0.8687127586505375
1229,1.4230900264189394
1230,1.1117767119122375
1231,1.0505372015687322
1232,0.5554693395687503
1233,1.379730607356797
1234,1.2545330383896454
1235,1.4475316945858807
1236,0.6819422832137306
1237,0.9783650445597133
1238,1.1227640888884536
1239,0.7932586423760469
1240,1.4397187785623864
1241,1.1463352565654583
1242,0.5077939270954325
1243,1.39792338231909
1244,1.332238912665158
1245,0.8736767812715948
1246,0.9528574329308853
1247,1.05621321723739
1248,0.7705986844272172
1249,1.3862067080628504
1250,0.3963352184674912
1251,0.6538481022812624
1252,0.9802287804491759
1253,0.9908133973459102
1254,0.4885455776710132
1255,0.7920788194993255
1256,1.4295917843578012
1257,0.8554670873281625
1258,1.0807127012951556
1259,0.974114709754354
1260,1.1338231796793774
1261,1.0737060779856098
1262,1.0546323910028121
1263,0.9362885968421767
1264,1.028759951428876
1265,0.509984349631662
1266,0.739197729070251
1267,0.8330935932565631
1268,0.8764621091346754
1269,1.2192070258802967
1270,1.0036243436034316
1271,1.4502401569393375
1272,0.8745662034191286
1273,1.3267111976055246
1274,1.0197496274342637
1275,1.0224042155678068
1276,1.3697712739538246
1277,0.9571802375670937
1278,1.1058760133538206
1279,1.0574557629779455
1280,1.1592288359942347
1281,1.217009591173687
1282,1.1794534659388245
1283,1.0906731044565234
1284,0.8181180345259024
1285,1.5883389377436319
1286,0.6232992569184098
1287,1.155577772855081
1288,0.8528084510893267
1289,1.4082304521164457
1290,0.6580090000549762
1291,1.1844091221299256
1292,1.3719224014169493
1293,0.9968816213658983
1294,0.46614704576224403
1295,1.0699397690629708
1296,0.650857388147093
1297,1.2703449105072881
1298,0.7851317940116594
1299,0.6466381351227007
1300,1.3578795289129573
1301,0.9987266459536827
1302,1.086570791367767
1303,0.748206729945529
1304,0.9400963172539619
1305,0.7795593826475142
1306,0.7314454088836717
1307,0.6886861732800946
1308,1.0055380351793985
1309,1.048809690316012
1310,0.7502331721923426
1311,1.1527206927956415
1312,1.4777635382017904
1313,0.6714309992325472
1314,0.990000066666154
1315,0.9263033194811574
1316,1.233496032299165
1317,1.0585165611017529
1318,1.0966452364355994
1319,1.1249257854297767
1320,0.7865070196838843
1321,0.9753471778139541
1322,1.2017637796901512
1323,0.8874927583345238
1324,1.1847147742997515
1325,1.0398599417037973
1326,1.1068002172784133
1327,0.9671370598527789
1328,1.0262461336940332
1329,0.9345517721983302
1330,1.4560309791255406
1331,1.0349410448609198
1332,1.1077715402442558
1333,1.158733149765142
1334,0.8446049445945629
1335,0.45323577647343183
1336,0.9655520666514585
1337,1.257410245589359
1338,1.2242232544472573
1339,1.189935858997258
1340,0.7632734671587784
1341,0.839294368952258
1342,1.3724422773867455
1343,0.9990509842262518
1344,1.3800344037265686
1345,1.2823641336036704
1346,0.9853074021482365
1347,0.7794088699362771
1348,1.6052087340587418
1349,0.9188087597866972
1350,1.5267655981142418
1351,1.1861398098199314
1352,0.703155235784873
1353,1.4782372380071163
1354,1.1781129921732614
1355,1.2349590111736086
1356,0.9696081645969977
1357,0.44966749104548437
1358,1.0333744615733438
1359,0.9565790420611971
1360,1.1897717982436875
1361,0.8685902884464213
1362,1.135887274087026
1363,0.41435203645413193
1364,0.9018852676710684
1365,1.101242361037505
1366,1.0324354594988663
1367,0.8581667937285781
1368,0.8399360739719863
1369,1.1490933614409602
1370,1.0700457696832517
1371,0.9206616156819633
1372,0.8468951935569835
1373,1.1299485533957392
1374,0.9218889873421767
1375,0.7299024743435355
1376,1.4169975822264393
1377,1.1572420889128205
1378,1.1375748867787465
1379,1.5075182483020317
1380,1.03334006329699
1381,0.7913958888134129
1382,0.544647371637443
1383,0.9916191653052107
1384,1.0775796595172122
1385,0.5580087414937498
1386,0.7911980904945539
1387,1.155906005464315
1388,1.861082828983625
1389,1.2263484411932823
1390,0.9388666147374962
1391,0.9117639439443057
1392,0.7033699600524184
1393,1.054044042887472
1394,0.6455388616080321
1395,0.778642326792592
1396,0.5924707822036065
1397,1.3135129905401792
1398,0.6713821932477854
1399,0.7504632729262108
1400,1.0246495480896023
1401,0.7660967200500572
1402,1.0343748104542514
1403,0.8293283771850556
1404,1.2733658658450704
1405,0.9378666005024964
1406,0.848490261217989
1407,0.7695597729619512
1408,1.1188992545341399
1409,0.80561034966292
1410,0.8825258645010375
1411,1.0903030200463386
1412,0.869280908295456
1413,0.9901279276607627
1414,0.9722822631820777
1415,0.6523431673363302
1416,0.9339702399335947
1417,1.539053473310593
1418,0.8448662811462483
1419,1.0975011001718342
1420,1.1326344765837315
1421,1.3873123679014898
1422,1.4837099682980186
1423,0.8999803863522262
1424,1.3231194925477834
1425,1.7483110149027583
1426,0.7589155810394775
1427,0.7631982969718207
1428,1.0787780847332873
1429,1.323099346324382
1430,0.9201937603053425
1431,0.5234202197303008
1432,0.792460196713656
1433,0.795223445059761
1434,1.186486231999923
1435,0.9302068645442206
1436,1.0090899445381334
1437,1.0475905417868678
1438,0.9409596084213616
1439,0.8448529703298466
1440,0.6857442682084172
1441,1.0305057362740138
1442,0.8490827813016735
1443,0.963495646179228
1444,0.5563291387722851
1445,0.96915572775695
1446,1.2222900478167298
1447,1.185432439526456
1448,1.1324357831134741
1449,1.6758976627311184
1450,1.3977651936859077
1451,1.0102330656108651
1452,0.9926518235844716
1453,0.8518188191337571
1454,0.6326669020635083
1455,1.2993037188182917
1456,0.9896855512277992
1457,0.798242158139313
1458,1.238962392033105
1459,0.8396343177207353
1460,0.8820927031110052
1461,1.4334905892566936
1462,0.9711445707485875
1463,1.2343010867326476
1464,0.7509091087287788
1465,0.5894976264353604
1466,1.2342830904516113
1467,0.933314211684929
1468,1.338727248872061
1469,1.5115618771187054
1470,0.9316527212380754
1471,0.41786799995752943
1472,1.4683710341625535
1473,0.8215569658843328
1474,0.9713235518474577
1475,1.2172972978891927
1476,1.0140164386198265
1477,0.9367667899824144
1478,0.9396748940203906
1479,1.0507694224900945
1480,0.8682815623878336
1481,0.5700184441123373
1482,0.9038464778955945
1483,1.173276701649935
1484,0.6682925466812518
1485,1.0803602145513316
1486,0.8993734054150587
1487,1.2063691019484608
1488,0.9660125579098275
1489,0.4001022059468907
1490,1.2114142016392773
1491,1.2966599741130134
1492,1.5892703631492906
1493,1.0550761918788236
1494,0.9212129611932147
1495,1.1557143862536938
1496,1.3052154044692925
1497,1.1903774099492341
1498,0.7659679806332287
1499,1.0023566012051468
1500,1.0735337174311526
1501,1.1897284824659373
1502,1.3139090601752037
1503,0.8864433108893907
1504,0.7409655181825141
1505,0.8078352904137293
1506,1.3763446932147418
1507,0.8648360182636997
1508,0.9306713960198033
1509,0.6727990877326304
1510,0.8104666639482759
1511,1.1509035558486669
1512,0.8197482832164564
1513,0.6219386333983138
1514,0.2573673553751964
1515,0.7712328398660387
1516,1.0444764520429022
1517,1.347570538973295
1518,1.2465485122691933
1519,1.4651789819113707
1520,0.5614891293031666
1521,1.042628517068032
1522,1.824669246513452
1523,1.0706256350332903
1524,0.920450524779838
1525,0.5235256572264702
1526,0.7570341779065406
1527,1.1942974999004337
1528,0.6610001776526084
1529,0.824370763737192
1530,1.3155682778133329
1531,0.977782111809363
1532,1.3939087987212497
1533,1.1379796061674294
1534,0.893407473538003
1535,1.3030270020561125
1536,0.5984422758191134
1537,0.6409339684942941
1538,0.7944323500284436
1539,0.7621325414900998
1540,1.353176292357272
1541,0.301253403395633
1542,1.0175581529747952
1543,1.12935499041288
1544,0.7728841657650564
1545,0.7799816674509285
1546,1.1321100443203949
1547,0.6661854705831506
1548,0.6863890645286582
1549,0.7947298829286007
1550,0.8644160628668178
1551,0.7908238020439784
1552,1.7526860771980135
1553,0.8019686607692617
1554,0.8334620553188428
1555,1.075572233106745
1556,0.37008244036804044
1557,0.9278999947937082
1558,1.1346318309253813
1559,0.714230773361223
1560,0.6329672266027534
1561,1.0278524072493538
1562,0.7994032291679735
1563,0.7872010439887925
1564,1.0475733956226716
1565,1.1187807264463194
1566,0.8458519726184895
1567,0.9579480323768108
1568,1.0439982362119362
1569,1.514916337288192
1570,0.9888529342149875
1571,1.0447165715064382
1572,1.1265367682986152
1573,0.5927067693797818
1574,0.9729848705304417
1575,0.8894614303547389
1576,1.0323660111652357
1577,1.1157125460386033
1578,0.8447968519617376
1579,0.9073706693123373
1580,0.6285786177147205
1581,0.5815322414616918
1582,0.45844759059894025
1583,0.935567919492611
1584,0.9630525941872242
1585,1.1510647710639101
1586,0.9517492944591035
1587,1.0465818748779172
1588,1.0280488867292379
1589,1.1875973470740988
1590,1.2950414198815197
1591,0.6280390253302589
1592,0.9449030497528172
1593,0.6220379676174232
1594,1.348260695778825
1595,1.2572699776465306
1596,1.1829809752237637
1597,1.1756264208141392
1598,0.8214716862712635
1599,1.3148024249338104
1600,1.0790311969568516
1601,1.1405373958508123
1602,1.4750151016802222
1603,1.260382886856888
1604,0.796699623103947
1605,0.7577578602420248
1606,0.8548493264990058
1607,1.0536363077488855
1608,1.024260456992199
1609,1.0917101642126015
1610,0.944308797777572
1611,1.0210825297585762
1612,1.1521916894732713
1613,1.2642424816771487
1614,1.1271996775010147
1615,1.4921644132718852
1616,1.2968179222298792
1617,1.3120425221478427
1618,1.1756611902666518
1619,1.2133782518070229
1620,1.345921653188058
1621,0.9304217475312363
1622,0.9556036851192621
1623,1.017281489304189
1624,1.0423066051209748
1625,1.1937507326941195
1626,1.095858774088536
1627,1.2962955576849278
1628,0.8534887679173623
1629,0.8823770057667788
1630,1.3787213199137798
1631,1.357905913130486
1632,1.1456312650510607
1633,1.5474751074063064
1634,1.007857424791579
1635,0.7969312479874875
1636,0.8778832906469477
1637,0.8636844947941806
1638,1.16945822991913
1639,1.2482307029047992
1640,1.40601889335544
1641,0.48506236847041134
1642,0.9404821089294275
1643,1.2227628196147418
1644,0.7855301937055515
1645,1.176680022126848
1646,0.8960215841861404
1647,1.3878954614189547
1648,0.9908034614570271
1649,1.1670890940659275
1650,0.5664902635847172
1651,0.9579990841881398
1652,0.9265278524558618
1653,0.3120821361638718
1654,1.5161164398887506
1655,1.7327493187596905
1656,1.0499580724499464
1657,1.271116471866881
1658,1.1456621432999108
1659,0.8521897841454845
1660,0.955628436031189
1661,0.9526394972204597
1662,0.7948441609881632
1663,0.8006114818332565
1664,1.1320054916309747
1665,1.35151433600145
1666,0.5640107046162812
1667,1.0154478150645183
1668,1.382209754358154
1669,1.0649519075192302
1670,1.3626129082437433
1671,1.2464382224294308
1672,1.079194244009205
1673,1.2199166048055856
1674,1.0352428313963085
1675,1.078289392685893
1676,0.9182158048785295
1677,1.603707392094511
1678,0.8908538393196221
1679,0.6243937785686134
1680,1.0439526569118291
1681,1.411773863018762
1682,0.6173574012867463
1683,0.7110047252256664
1684,1.0096023871343072
1685,0.7047152690457339
1686,0.9902762308809938
1687,1.2325513617687762
1688,1.30722973254789
1689,0.6762829262297684
1690,1.0869635078893678
1691,0.7355316664196057
1692,1.182909947608371
1693,1.0602190669473501
1694,0.9553871678827554
1695,1.1827412020112837
1696,1.1396804052541722
1697,1.5377896860749043
1698,1.3047585266790875
1699,1.44473956685928
1700,0.8613163245115767
1701,0.8551548506658222
1702,1.1206165747551757
1703,1.239116411050432
1704,0.9178643436656115
1705,1.1502629354514584
1706,0.6927626257004894
1707,0.9935917097111205
1708,0.9293137528109459
1709,1.1582115045424497
1710,1.023388838897763
1711,1.0344124553491802
1712,0.8505051420064813
1713,1.0539253141365479
1714,1.1202911026609814
1715,1.0213679935057693
1716,0.950185235778718
1717,1.3153639898656815
1718,1.1728343121337745
1719,1.3687771740785035
1720,1.0191646168083766
1721,0.7968812657096387
1722,0.9660625748834611
1723,1.1667275987657038
1724,0.8852097776822355
1725,1.1056569921323514
1726,1.333738801453852
1727,0.9047533632411856
1728,1.322607749957353
1729,1.3104496242030534
1730,1.0748880278867265
1731,0.7557020079177453
1732,1.0108027449197057
1733,0.5892070314409856
1734,1.0507483346898823
1735,0.7402693706564694
1736,0.8329881320108935
1737,1.0312842622316918
1738,0.8955323521518211
1739,1.231079998069265
1740,0.8000183316654605
1741,1.2376287132503867
1742,1.0790218948763
1743,1.0839583955064307
1744,0.6186940616833682
1745,1.0793841076429689
1746,1.4296627377130793
1747,1.1350129854633784
1748,0.9188545892588182
1749,0.9702133495330175
1750,1.0718248445681373
1751,0.982824878910271
1752,0.645907136313585
1753,0.9443453528182442
1754,1.0259969868557315
1755,1.0923900449710213
1756,1.3253371746182725
1757,1.6266547020834679
1758,1.019381051308691
1759,0.7602028744194945
1760,0.9806822466546709
1761,1.0617355196926233
1762,1.109433632785401
1763,0.5033677280456316
1764,0.8296672934642771
1765,0.9367236796153006
1766,0.9729768256526206
1767,0.9990581301316706
1768,0.8745888488515033
1769,1.4405555564259838
1770,1.2426544910393065
1771,0.83342959632734
1772,0.9361802695259535
1773,0.5698461723579102
1774,0.9850829506082811
1775,0.9132856371637806
1776,0.8829972985219098
1777,1.3688935456851128
1778,1.02975209148369
1779,0.9467184687951864
1780,0.8412579234572777
1781,1.209839087751888
1782,1.4447152965053232
1783,0.9720469027695511
1784,0.37004081440213904
1785,1.1357556353693192
1786,0.4847629994198579
1787,0.9979194942890579
1788,0.7813052284977297
1789,1.4956033553844685
1790,0.698605998208523
1791,0.8953205494663228
1792,1.0141424382569209
1793,1.09225175629683
1794,0.7869762203618399
1795,1.0799652551760988
1796,1.4070258317135578
1797,0.8788576685822219
1798,0.8155658096794945
1799,0.9356861196758832
1800,0.43536038653411696
1801,0.4505980465796841
1802,1.1324926222370957
1803,1.1102069516944404
1804,0.6058211703526142
1805,1.0234990399216162
1806,1.0835192446373965
1807,0.8822953524124697
1808,0.537748346248549
1809,0.637779783794586
1810,0.7111196436991913
1811,0.8576504319703434
1812,0.997211667671814
1813,1.1116753545889937
1814,0.8718866356686626
1815,1.042578738972195
1816,1.4876478644342512
1817,1.5988951127002833
1818,0.7326000181567733
1819,0.8875323620266912
1820,1.3492799952888113
1821,1.20717276063343
1822,0.6999711817465355
1823,1.3616558441656752
1824,1.0395491613088177
1825,1.031697727410507
1826,0.571451660357265
1827,1.3332302291373814
1828,0.8924982409835921
1829,1.3312930056937655
1830,0.9006591537881912
1831,0.9147134283398737
1832,0.7153759610411587
1833,0.5923291304968908
1834,1.0605542078919037
1835,1.3068856366032364
1836,0.9106663170377115
1837,1.3596854713040945
1838,1.1408439675393147
1839,0.7417323438345053
1840,0.9819733857869546
1841,1.1024608994405214
1842,1.096124641018488
1843,1.2089653357998513
1844,0.7048342926836769
1845,0.6652107200279578
1846,1.1592161874775087
1847,1.5863110951696329
1848,1.0236144603345605
1849,1.0355460219756054
1850,0.7622546236139287
1851,1.0168973739223048
1852,0.8021302694321146
1853,0.8232943702688389
1854,0.6035032176277215
1855,1.596415637490425
1856,0.981341627292047
1857,0.8966555980405555
1858,0.7665272134474684
1859,0.5199981248824125
1860,0.7565646602938546
1861,0.8127759331439631
1862,1.2882082228591119
1863,0.8227742837569504
1864,1.2396651476603995
1865,1.1171736596937254
1866,0.49266208896804375
1867,1.176044724203994
1868,0.8805733425301218
1869,0.976782203673696
1870,0.8826253710104747
1871,0.7436462047474136
1872,1.2270190288018445
1873,0.6486295973799864
1874,1.0401433261595914
1875,0.7876130724004696
1876,1.2967432443446378
1877,1.0334211722225486
1878,1.3111029268719159
1879,1.0744246820650256
1880,0.47360831750488236
1881,0.8963688194425493
1882,1.0300540155624847
1883,1.3233651477325123
1884,0.9444555053553031
1885,1.0763936249444641
1886,1.0380457512763124
1887,1.6173816224255002
1888,1.4496803331030375
1889,1.2183731570036294
1890,1.3540702844234003
1891,0.5650965684855587
1892,0.8253786671203981
1893,1.1125525541413668
1894,1.3811993170561783
1895,1.4600371727745123
1896,0.9724289612600812
1897,1.0157643645249563
1898,0.9510760994703762
1899,0.9077966927498525
1900,1.4907041701631631
1901,0.8573131494937831
1902,1.3072652631940873
1903,0.9268914783796612
1904,0.9066707003947834
1905,1.2051868912557595
1906,0.6050991510154522
1907,1.1611998691812222
1908,1.104080272929162
1909,0.5089458830347716
1910,0.7554727744049995
1911,0.6461273344274174
1912,0.9593760888275198
1913,0.5965703781685793
1914,0.7290749870054681
1915,1.2740183726253271
1916,1.091129556702991
1917,1.1995815070572051
1918,1.30161881350493
1919,0.3422451685950852
1920,1.1579966405672766
1921,0.9798639284096878
1922,0.8327489095326319
1923,1.1658502102669228
1924,1.0985041447925308
1925,1.0740208036742511
1926,0.9985167305218052
1927,1.3092666958645502
1928,1.3782882171063642
1929,0.925187831859352
1930,1.2464407068931955
1931,0.7444129933750974
1932,1.6212729652209894
1933,1.103921096388344
1934,0.9503707713441446
1935,1.08833924571936
1936,0.9319501157201778
1937,1.200380886173879
1938,1.2504601616018465
1939,1.13415095985861
1940,1.2752792956913037
1941,0.6381113263990943
1942,1.0582044636461767
1943,0.9764379759259473
1944,1.1686391534057792
1945,0.738428205964074
1946,0.9591936466137152
1947,0.8079860946784622
1948,1.382101134770543
1949,0.7732683946270167
1950,1.1915724835184058
1951,0.7915588372832227
1952,1.2298878556085726
1953,1.0244432240296417
1954,1.0674525736370875
1955,1.371114453296982
1956,1.0908807070119086
1957,0.9977704443301211
1958,0.6867657280985355
1959,1.064767626868338
1960,0.5804037141948754
1961,0.8684984613711457
1962,1.3785591621133075
1963,1.2707967547567252
1964,0.9188958691349752
1965,1.1690149251797899
1966,0.5189909243233937
1967,1.0533361350787585
1968,1.088054912989442
1969,0.8826749844181889
1970,0.6072450560819728
1971,0.9007040214404782
1972,1.15210310884223
1973,1.0441539314796713
1974,1.4287559902174711
1975,1.6695500295475205
1976,1.3290855237415278
1977,1.0552211884169678
1978,0.5151955207133458
1979,1.098574835515178
1980,1.1539365206293357
1981,0.848532118282544
1982,1.5162793904348804
1983,0.6984643762784588
1984,0.9811376841799625
1985,0.7696598287712402
1986,0.6616833467043698
1987,0.8861007057060301
1988,1.068343883779008
1989,1.5685478929142198
1990,0.9783582723352346
1991,0.7582103745064965
1992,0.6140953055978372
1993,0.751790106238526
1994,1.4306225604383804
1995,0.997484725026434
1996,1.1287468020947382
1997,1.4692236898943394
1998,0.6116199053593814
1999,1.1225439007667417
